{
  "service": {
    "service": "serverless-project",
    "serviceObject": {
      "name": "serverless-project"
    },
    "provider": {
      "name": "aws",
      "runtime": "nodejs18.x",
      "stage": "dev",
      "region": "ap-south-1",
      "environment": {
        "STAGE": "dev",
        "NOTES_TABLE": "NotesTable",
        "COGNITO_USER_POOL_ID": "ap-south-1_8BBC8AcV2",
        "COGNITO_CLIENT_ID": "5dpa71ccvu7jqo013j349pc8ir"
      },
      "iamRoleStatements": [
        {
          "Effect": "Allow",
          "Action": [
            "dynamodb:PutItem",
            "dynamodb:GetItem",
            "dynamodb:Scan",
            "dynamodb:UpdateItem",
            "dynamodb:DeleteItem"
          ],
          "Resource": [
            {
              "Fn::GetAtt": [
                "NotesTable",
                "Arn"
              ]
            }
          ]
        }
      ],
      "versionFunctions": true,
      "compiledCloudFormationTemplate": {
        "AWSTemplateFormatVersion": "2010-09-09",
        "Description": "The AWS CloudFormation template for this Serverless application",
        "Resources": {
          "ServerlessDeploymentBucket": {
            "Type": "AWS::S3::Bucket",
            "Properties": {
              "BucketEncryption": {
                "ServerSideEncryptionConfiguration": [
                  {
                    "ServerSideEncryptionByDefault": {
                      "SSEAlgorithm": "AES256"
                    }
                  }
                ]
              }
            }
          },
          "ServerlessDeploymentBucketPolicy": {
            "Type": "AWS::S3::BucketPolicy",
            "Properties": {
              "Bucket": {
                "Ref": "ServerlessDeploymentBucket"
              },
              "PolicyDocument": {
                "Statement": [
                  {
                    "Action": "s3:*",
                    "Effect": "Deny",
                    "Principal": "*",
                    "Resource": [
                      {
                        "Fn::Join": [
                          "",
                          [
                            "arn:",
                            {
                              "Ref": "AWS::Partition"
                            },
                            ":s3:::",
                            {
                              "Ref": "ServerlessDeploymentBucket"
                            },
                            "/*"
                          ]
                        ]
                      },
                      {
                        "Fn::Join": [
                          "",
                          [
                            "arn:",
                            {
                              "Ref": "AWS::Partition"
                            },
                            ":s3:::",
                            {
                              "Ref": "ServerlessDeploymentBucket"
                            }
                          ]
                        ]
                      }
                    ],
                    "Condition": {
                      "Bool": {
                        "aws:SecureTransport": false
                      }
                    }
                  }
                ]
              }
            }
          },
          "CreateNoteLogGroup": {
            "Type": "AWS::Logs::LogGroup",
            "Properties": {
              "LogGroupName": "/aws/lambda/serverless-project-dev-createNote"
            }
          },
          "GetAllNotesLogGroup": {
            "Type": "AWS::Logs::LogGroup",
            "Properties": {
              "LogGroupName": "/aws/lambda/serverless-project-dev-getAllNotes"
            }
          },
          "IamRoleLambdaExecution": {
            "Type": "AWS::IAM::Role",
            "Properties": {
              "AssumeRolePolicyDocument": {
                "Version": "2012-10-17",
                "Statement": [
                  {
                    "Effect": "Allow",
                    "Principal": {
                      "Service": [
                        "lambda.amazonaws.com"
                      ]
                    },
                    "Action": [
                      "sts:AssumeRole"
                    ]
                  }
                ]
              },
              "Policies": [
                {
                  "PolicyName": {
                    "Fn::Join": [
                      "-",
                      [
                        "serverless-project",
                        "dev",
                        "lambda"
                      ]
                    ]
                  },
                  "PolicyDocument": {
                    "Version": "2012-10-17",
                    "Statement": [
                      {
                        "Effect": "Allow",
                        "Action": [
                          "logs:CreateLogStream",
                          "logs:CreateLogGroup",
                          "logs:TagResource"
                        ],
                        "Resource": [
                          {
                            "Fn::Sub": "arn:${AWS::Partition}:logs:${AWS::Region}:${AWS::AccountId}:log-group:/aws/lambda/serverless-project-dev*:*"
                          }
                        ]
                      },
                      {
                        "Effect": "Allow",
                        "Action": [
                          "logs:PutLogEvents"
                        ],
                        "Resource": [
                          {
                            "Fn::Sub": "arn:${AWS::Partition}:logs:${AWS::Region}:${AWS::AccountId}:log-group:/aws/lambda/serverless-project-dev*:*:*"
                          }
                        ]
                      },
                      {
                        "$ref": "$[\"service\"][\"provider\"][\"iamRoleStatements\"][0]"
                      }
                    ]
                  }
                }
              ],
              "Path": "/",
              "RoleName": {
                "Fn::Join": [
                  "-",
                  [
                    "serverless-project",
                    "dev",
                    {
                      "Ref": "AWS::Region"
                    },
                    "lambdaRole"
                  ]
                ]
              }
            }
          },
          "CreateNoteLambdaFunction": {
            "Type": "AWS::Lambda::Function",
            "Properties": {
              "Code": {
                "S3Bucket": {
                  "Ref": "ServerlessDeploymentBucket"
                },
                "S3Key": "serverless/serverless-project/dev/1738919280573-2025-02-07T09:08:00.573Z/serverless-project.zip"
              },
              "Handler": "handler.createNote",
              "Runtime": "nodejs18.x",
              "FunctionName": "serverless-project-dev-createNote",
              "MemorySize": 1024,
              "Timeout": 6,
              "Environment": {
                "Variables": {
                  "STAGE": "dev",
                  "NOTES_TABLE": "NotesTable",
                  "COGNITO_USER_POOL_ID": "ap-south-1_8BBC8AcV2",
                  "COGNITO_CLIENT_ID": "5dpa71ccvu7jqo013j349pc8ir"
                }
              },
              "Role": {
                "Fn::GetAtt": [
                  "IamRoleLambdaExecution",
                  "Arn"
                ]
              }
            },
            "DependsOn": [
              "CreateNoteLogGroup"
            ]
          },
          "GetAllNotesLambdaFunction": {
            "Type": "AWS::Lambda::Function",
            "Properties": {
              "Code": {
                "S3Bucket": {
                  "Ref": "ServerlessDeploymentBucket"
                },
                "S3Key": "serverless/serverless-project/dev/1738919280573-2025-02-07T09:08:00.573Z/serverless-project.zip"
              },
              "Handler": "handler.getAllNotes",
              "Runtime": "nodejs18.x",
              "FunctionName": "serverless-project-dev-getAllNotes",
              "MemorySize": 1024,
              "Timeout": 6,
              "Environment": {
                "Variables": {
                  "STAGE": "dev",
                  "NOTES_TABLE": "NotesTable",
                  "COGNITO_USER_POOL_ID": "ap-south-1_8BBC8AcV2",
                  "COGNITO_CLIENT_ID": "5dpa71ccvu7jqo013j349pc8ir"
                }
              },
              "Role": {
                "Fn::GetAtt": [
                  "IamRoleLambdaExecution",
                  "Arn"
                ]
              }
            },
            "DependsOn": [
              "GetAllNotesLogGroup"
            ]
          },
          "CreateNoteLambdaVersionwIdEv3DGUvouV4sgFN38gmYWyxfoI4l3uO1g48QwU": {
            "Type": "AWS::Lambda::Version",
            "DeletionPolicy": "Retain",
            "Properties": {
              "FunctionName": {
                "Ref": "CreateNoteLambdaFunction"
              },
              "CodeSha256": "vKjugAU4GlhqZ35emK6+tCRrH0hFgkW0li47hRQ+oHs="
            }
          },
          "GetAllNotesLambdaVersionQDtRME5YTG4uygmksJ4PoJPpV7mI9PdShcTEojj0": {
            "Type": "AWS::Lambda::Version",
            "DeletionPolicy": "Retain",
            "Properties": {
              "FunctionName": {
                "Ref": "GetAllNotesLambdaFunction"
              },
              "CodeSha256": "vKjugAU4GlhqZ35emK6+tCRrH0hFgkW0li47hRQ+oHs="
            }
          },
          "ApiGatewayRestApi": {
            "Type": "AWS::ApiGateway::RestApi",
            "Properties": {
              "Name": "dev-NotesAPI",
              "EndpointConfiguration": {
                "Types": [
                  "EDGE"
                ]
              },
              "Policy": ""
            }
          },
          "ApiGatewayResourceNotes": {
            "Type": "AWS::ApiGateway::Resource",
            "Properties": {
              "ParentId": {
                "Fn::GetAtt": [
                  "ApiGatewayRestApi",
                  "RootResourceId"
                ]
              },
              "PathPart": "notes",
              "RestApiId": {
                "Ref": "ApiGatewayRestApi"
              }
            }
          },
          "ApiGatewayMethodNotesPost": {
            "Type": "AWS::ApiGateway::Method",
            "Properties": {
              "HttpMethod": "POST",
              "RequestParameters": {},
              "ResourceId": {
                "Ref": "ApiGatewayResourceNotes"
              },
              "RestApiId": {
                "Ref": "ApiGatewayRestApi"
              },
              "ApiKeyRequired": false,
              "AuthorizationType": "COGNITO_USER_POOLS",
              "AuthorizerId": {
                "Ref": "CognitoUserPoolAuthorizer"
              },
              "Integration": {
                "IntegrationHttpMethod": "POST",
                "Type": "AWS_PROXY",
                "Uri": {
                  "Fn::Join": [
                    "",
                    [
                      "arn:",
                      {
                        "Ref": "AWS::Partition"
                      },
                      ":apigateway:",
                      {
                        "Ref": "AWS::Region"
                      },
                      ":lambda:path/2015-03-31/functions/",
                      {
                        "Fn::GetAtt": [
                          "CreateNoteLambdaFunction",
                          "Arn"
                        ]
                      },
                      "/invocations"
                    ]
                  ]
                }
              },
              "MethodResponses": []
            },
            "DependsOn": [
              "CreateNoteLambdaPermissionApiGateway"
            ]
          },
          "ApiGatewayMethodNotesGet": {
            "Type": "AWS::ApiGateway::Method",
            "Properties": {
              "HttpMethod": "GET",
              "RequestParameters": {},
              "ResourceId": {
                "Ref": "ApiGatewayResourceNotes"
              },
              "RestApiId": {
                "Ref": "ApiGatewayRestApi"
              },
              "ApiKeyRequired": false,
              "AuthorizationType": "COGNITO_USER_POOLS",
              "AuthorizerId": {
                "Ref": "CognitoUserPoolAuthorizer"
              },
              "Integration": {
                "IntegrationHttpMethod": "POST",
                "Type": "AWS_PROXY",
                "Uri": {
                  "Fn::Join": [
                    "",
                    [
                      "arn:",
                      {
                        "Ref": "AWS::Partition"
                      },
                      ":apigateway:",
                      {
                        "Ref": "AWS::Region"
                      },
                      ":lambda:path/2015-03-31/functions/",
                      {
                        "Fn::GetAtt": [
                          "GetAllNotesLambdaFunction",
                          "Arn"
                        ]
                      },
                      "/invocations"
                    ]
                  ]
                }
              },
              "MethodResponses": []
            },
            "DependsOn": [
              "GetAllNotesLambdaPermissionApiGateway"
            ]
          },
          "ApiGatewayDeployment1738919224383": {
            "Type": "AWS::ApiGateway::Deployment",
            "Properties": {
              "RestApiId": {
                "Ref": "ApiGatewayRestApi"
              },
              "StageName": "dev"
            },
            "DependsOn": [
              "ApiGatewayMethodNotesPost",
              "ApiGatewayMethodNotesGet"
            ]
          },
          "CreateNoteLambdaPermissionApiGateway": {
            "Type": "AWS::Lambda::Permission",
            "Properties": {
              "FunctionName": {
                "Fn::GetAtt": [
                  "CreateNoteLambdaFunction",
                  "Arn"
                ]
              },
              "Action": "lambda:InvokeFunction",
              "Principal": "apigateway.amazonaws.com",
              "SourceArn": {
                "Fn::Join": [
                  "",
                  [
                    "arn:",
                    {
                      "Ref": "AWS::Partition"
                    },
                    ":execute-api:",
                    {
                      "Ref": "AWS::Region"
                    },
                    ":",
                    {
                      "Ref": "AWS::AccountId"
                    },
                    ":",
                    {
                      "Ref": "ApiGatewayRestApi"
                    },
                    "/*/*"
                  ]
                ]
              }
            }
          },
          "GetAllNotesLambdaPermissionApiGateway": {
            "Type": "AWS::Lambda::Permission",
            "Properties": {
              "FunctionName": {
                "Fn::GetAtt": [
                  "GetAllNotesLambdaFunction",
                  "Arn"
                ]
              },
              "Action": "lambda:InvokeFunction",
              "Principal": "apigateway.amazonaws.com",
              "SourceArn": {
                "Fn::Join": [
                  "",
                  [
                    "arn:",
                    {
                      "Ref": "AWS::Partition"
                    },
                    ":execute-api:",
                    {
                      "Ref": "AWS::Region"
                    },
                    ":",
                    {
                      "Ref": "AWS::AccountId"
                    },
                    ":",
                    {
                      "Ref": "ApiGatewayRestApi"
                    },
                    "/*/*"
                  ]
                ]
              }
            }
          },
          "CognitoUserPool": {
            "Type": "AWS::Cognito::UserPool",
            "Properties": {
              "UserPoolName": "dev-MyUserPool",
              "AutoVerifiedAttributes": [
                "email"
              ]
            }
          },
          "CognitoUserPoolClient": {
            "Type": "AWS::Cognito::UserPoolClient",
            "Properties": {
              "ClientName": "dev-MyClient",
              "UserPoolId": {
                "Ref": "CognitoUserPool"
              },
              "GenerateSecret": false,
              "ExplicitAuthFlows": [
                "ALLOW_ADMIN_USER_PASSWORD_AUTH",
                "ALLOW_REFRESH_TOKEN_AUTH",
                "ALLOW_USER_SRP_AUTH"
              ],
              "CallbackURLs": [
                "http://localhost:3000/callback"
              ],
              "AllowedOAuthFlows": [
                "implicit"
              ],
              "AllowedOAuthScopes": [
                "phone",
                "email",
                "profile",
                "openid"
              ],
              "SupportedIdentityProviders": [
                "COGNITO"
              ],
              "AllowedOAuthFlowsUserPoolClient": true
            }
          },
          "UserPoolDomain": {
            "Type": "AWS::Cognito::UserPoolDomain",
            "Properties": {
              "Domain": "myniknotes",
              "UserPoolId": {
                "Ref": "CognitoUserPool"
              }
            }
          },
          "NotesTable": {
            "Type": "AWS::DynamoDB::Table",
            "Properties": {
              "TableName": "dev-NotesTable",
              "AttributeDefinitions": [
                {
                  "AttributeName": "noteId",
                  "AttributeType": "S"
                },
                {
                  "AttributeName": "userId",
                  "AttributeType": "S"
                }
              ],
              "KeySchema": [
                {
                  "AttributeName": "noteId",
                  "KeyType": "HASH"
                }
              ],
              "BillingMode": "PAY_PER_REQUEST",
              "GlobalSecondaryIndexes": [
                {
                  "IndexName": "UserIndex",
                  "KeySchema": [
                    {
                      "AttributeName": "userId",
                      "KeyType": "HASH"
                    }
                  ],
                  "Projection": {
                    "ProjectionType": "ALL"
                  }
                }
              ]
            }
          },
          "CognitoUserPoolAuthorizer": {
            "Type": "AWS::ApiGateway::Authorizer",
            "Properties": {
              "Name": "dev-NotesAuthorizer",
              "IdentitySource": "method.request.header.Authorization",
              "RestApiId": {
                "Ref": "ApiGatewayRestApi"
              },
              "Type": "COGNITO_USER_POOLS",
              "ProviderARNs": [
                {
                  "Fn::GetAtt": [
                    "CognitoUserPool",
                    "Arn"
                  ]
                }
              ]
            }
          }
        },
        "Outputs": {
          "ServerlessDeploymentBucketName": {
            "Value": {
              "Ref": "ServerlessDeploymentBucket"
            },
            "Export": {
              "Name": "sls-serverless-project-dev-ServerlessDeploymentBucketName"
            }
          },
          "CreateNoteLambdaFunctionQualifiedArn": {
            "Description": "Current Lambda function version",
            "Value": {
              "Ref": "CreateNoteLambdaVersionwIdEv3DGUvouV4sgFN38gmYWyxfoI4l3uO1g48QwU"
            },
            "Export": {
              "Name": "sls-serverless-project-dev-CreateNoteLambdaFunctionQualifiedArn"
            }
          },
          "GetAllNotesLambdaFunctionQualifiedArn": {
            "Description": "Current Lambda function version",
            "Value": {
              "Ref": "GetAllNotesLambdaVersionQDtRME5YTG4uygmksJ4PoJPpV7mI9PdShcTEojj0"
            },
            "Export": {
              "Name": "sls-serverless-project-dev-GetAllNotesLambdaFunctionQualifiedArn"
            }
          },
          "ServiceEndpoint": {
            "Description": "URL of the service endpoint",
            "Value": {
              "Fn::Join": [
                "",
                [
                  "https://",
                  {
                    "Ref": "ApiGatewayRestApi"
                  },
                  ".execute-api.",
                  {
                    "Ref": "AWS::Region"
                  },
                  ".",
                  {
                    "Ref": "AWS::URLSuffix"
                  },
                  "/dev"
                ]
              ]
            },
            "Export": {
              "Name": "sls-serverless-project-dev-ServiceEndpoint"
            }
          }
        }
      },
      "coreCloudFormationTemplate": {
        "AWSTemplateFormatVersion": "2010-09-09",
        "Description": "The AWS CloudFormation template for this Serverless application",
        "Resources": {
          "ServerlessDeploymentBucket": {
            "Type": "AWS::S3::Bucket",
            "Properties": {
              "BucketEncryption": {
                "ServerSideEncryptionConfiguration": [
                  {
                    "ServerSideEncryptionByDefault": {
                      "SSEAlgorithm": "AES256"
                    }
                  }
                ]
              }
            }
          },
          "ServerlessDeploymentBucketPolicy": {
            "Type": "AWS::S3::BucketPolicy",
            "Properties": {
              "Bucket": {
                "Ref": "ServerlessDeploymentBucket"
              },
              "PolicyDocument": {
                "Statement": [
                  {
                    "Action": "s3:*",
                    "Effect": "Deny",
                    "Principal": "*",
                    "Resource": [
                      {
                        "Fn::Join": [
                          "",
                          [
                            "arn:",
                            {
                              "Ref": "AWS::Partition"
                            },
                            ":s3:::",
                            {
                              "Ref": "ServerlessDeploymentBucket"
                            },
                            "/*"
                          ]
                        ]
                      },
                      {
                        "Fn::Join": [
                          "",
                          [
                            "arn:",
                            {
                              "Ref": "AWS::Partition"
                            },
                            ":s3:::",
                            {
                              "Ref": "ServerlessDeploymentBucket"
                            }
                          ]
                        ]
                      }
                    ],
                    "Condition": {
                      "Bool": {
                        "aws:SecureTransport": false
                      }
                    }
                  }
                ]
              }
            }
          }
        },
        "Outputs": {
          "ServerlessDeploymentBucketName": {
            "Value": {
              "Ref": "ServerlessDeploymentBucket"
            }
          }
        }
      },
      "vpc": {}
    },
    "custom": {
      "serverless-offline": {
        "httpPort": 3000
      }
    },
    "plugins": [
      "serverless-offline",
      "serverless-dotenv-plugin"
    ],
    "pluginsData": {},
    "functions": {
      "createNote": {
        "handler": "handler.createNote",
        "events": [
          {
            "http": {
              "path": "notes",
              "method": "post",
              "authorizer": {
                "type": "COGNITO_USER_POOLS",
                "managedExternally": false,
                "authorizerId": {
                  "Ref": "CognitoUserPoolAuthorizer"
                },
                "resultTtlInSeconds": 300,
                "identitySource": "method.request.header.Authorization",
                "claims": []
              },
              "integration": "AWS_PROXY"
            }
          }
        ],
        "name": "serverless-project-dev-createNote",
        "package": {},
        "memory": 1024,
        "timeout": 6,
        "runtime": "nodejs18.x",
        "vpc": {},
        "versionLogicalId": "CreateNoteLambdaVersionwIdEv3DGUvouV4sgFN38gmYWyxfoI4l3uO1g48QwU"
      },
      "getAllNotes": {
        "handler": "handler.getAllNotes",
        "events": [
          {
            "http": {
              "path": "notes",
              "method": "get",
              "authorizer": {
                "type": "COGNITO_USER_POOLS",
                "managedExternally": false,
                "authorizerId": {
                  "Ref": "CognitoUserPoolAuthorizer"
                },
                "resultTtlInSeconds": 300,
                "identitySource": "method.request.header.Authorization",
                "claims": []
              },
              "integration": "AWS_PROXY"
            }
          }
        ],
        "name": "serverless-project-dev-getAllNotes",
        "package": {},
        "memory": 1024,
        "timeout": 6,
        "runtime": "nodejs18.x",
        "vpc": {},
        "versionLogicalId": "GetAllNotesLambdaVersionQDtRME5YTG4uygmksJ4PoJPpV7mI9PdShcTEojj0"
      }
    },
    "resources": {
      "Resources": {
        "CognitoUserPool": {
          "Type": "AWS::Cognito::UserPool",
          "Properties": {
            "UserPoolName": "dev-MyUserPool",
            "AutoVerifiedAttributes": [
              "email"
            ]
          }
        },
        "CognitoUserPoolClient": {
          "Type": "AWS::Cognito::UserPoolClient",
          "Properties": {
            "ClientName": "dev-MyClient",
            "UserPoolId": {
              "Ref": "CognitoUserPool"
            },
            "GenerateSecret": false,
            "ExplicitAuthFlows": [
              "ALLOW_ADMIN_USER_PASSWORD_AUTH",
              "ALLOW_REFRESH_TOKEN_AUTH",
              "ALLOW_USER_SRP_AUTH"
            ],
            "CallbackURLs": [
              "http://localhost:3000/callback"
            ],
            "AllowedOAuthFlows": [
              "implicit"
            ],
            "AllowedOAuthScopes": [
              "phone",
              "email",
              "profile",
              "openid"
            ],
            "SupportedIdentityProviders": [
              "COGNITO"
            ],
            "AllowedOAuthFlowsUserPoolClient": true
          }
        },
        "UserPoolDomain": {
          "Type": "AWS::Cognito::UserPoolDomain",
          "Properties": {
            "Domain": "myniknotes",
            "UserPoolId": {
              "Ref": "CognitoUserPool"
            }
          }
        },
        "NotesTable": {
          "Type": "AWS::DynamoDB::Table",
          "Properties": {
            "TableName": "dev-NotesTable",
            "AttributeDefinitions": [
              {
                "AttributeName": "noteId",
                "AttributeType": "S"
              },
              {
                "AttributeName": "userId",
                "AttributeType": "S"
              }
            ],
            "KeySchema": [
              {
                "AttributeName": "noteId",
                "KeyType": "HASH"
              }
            ],
            "BillingMode": "PAY_PER_REQUEST",
            "GlobalSecondaryIndexes": [
              {
                "IndexName": "UserIndex",
                "KeySchema": [
                  {
                    "AttributeName": "userId",
                    "KeyType": "HASH"
                  }
                ],
                "Projection": {
                  "ProjectionType": "ALL"
                }
              }
            ]
          }
        },
        "CognitoUserPoolAuthorizer": {
          "Type": "AWS::ApiGateway::Authorizer",
          "Properties": {
            "Name": "dev-NotesAuthorizer",
            "IdentitySource": "method.request.header.Authorization",
            "RestApiId": {
              "Ref": "ApiGatewayRestApi"
            },
            "Type": "COGNITO_USER_POOLS",
            "ProviderARNs": [
              {
                "Fn::GetAtt": [
                  "CognitoUserPool",
                  "Arn"
                ]
              }
            ]
          }
        },
        "ApiGatewayRestApi": {
          "Type": "AWS::ApiGateway::RestApi",
          "Properties": {
            "Name": "dev-NotesAPI"
          }
        }
      },
      "Outputs": {}
    },
    "configValidationMode": "warn",
    "serviceFilename": "serverless.yml",
    "initialServerlessConfig": {
      "service": "serverless-project",
      "provider": {
        "$ref": "$[\"service\"][\"provider\"]"
      },
      "functions": {
        "$ref": "$[\"service\"][\"functions\"]"
      },
      "plugins": {
        "$ref": "$[\"service\"][\"plugins\"]"
      },
      "custom": {
        "$ref": "$[\"service\"][\"custom\"]"
      },
      "resources": {
        "$ref": "$[\"service\"][\"resources\"]"
      }
    },
    "layers": {},
    "isDashboardMonitoringPreconfigured": false,
    "artifact": "D:\\AWSPractice\\.serverless\\serverless-project.zip"
  },
  "package": {
    "artifactDirectoryName": "serverless/serverless-project/dev/1738919280573-2025-02-07T09:08:00.573Z",
    "artifact": "serverless-project.zip"
  }
}